个体ID,rho_initial,rho_final,rho_change,rho_change_pct,tau_initial,tau_final,tau_change,tau_change_pct,reward_initial,reward_final,reward_change,reward_change_pct
0,0.0314901424590337,0.03577219977603408,0.004282057317000383,13.598088108273936,0.9746560454368592,0.8527336120605469,-0.12192243337631237,-12.509277908563574,2.363555192947388,2.495229482650757,0.1316742897033687,5.57102665071125
1,0.02958520709648645,0.03227455570165802,0.0026893486051715702,9.09018009034305,0.9859942197799684,0.9034470915794371,-0.08254712820053123,-8.37196877472083,2.370590448379517,2.499545574188232,0.12895512580871493,5.439789310585715
2,0.03194306561430207,0.03386449068182353,0.001921425067521465,6.01515549797817,0.9838505387306212,0.86797696352005,-0.11587357521057118,-11.777558749937059,2.371278762817383,2.502278804779053,0.13100004196167037,5.524447147075426
3,0.03456908956922407,0.03339525320367329,-0.0011738363655507747,-3.39562418385415,0.9915125966072084,0.8876804709434509,-0.10383212566375744,-10.472093447834526,2.375332355499268,2.509214878082275,0.13388252258300692,5.636370096717111
4,0.02929753987582999,0.03757422003821488,0.008276680162384892,28.250427160312608,1.00444507598877,0.8936742544174194,-0.11077082157135054,-11.02806158537921,2.364227771759033,2.500035762786865,0.1358079910278316,5.744285413193826
5,0.02929758912915246,0.03376097005305582,0.0044633809239033595,15.23463553341353,0.946134626865387,0.8350314497947693,-0.11110317707061768,-11.742850744054321,2.386195421218872,2.504841327667236,0.11864590644836381,4.9721789503627205
6,0.03473763844652217,0.03649456575346186,0.0017569273069396943,5.05770508736351,0.9481008052825928,0.8856767416000366,-0.06242406368255615,-6.584116724165202,2.360100507736206,2.505054950714112,0.14495444297790616,6.14187584396334
7,0.03230230418745873,0.04103059774271596,0.008728293555257227,27.020653092128207,0.9567629098892212,0.8847016096115112,-0.07206130027770996,-7.531782381285409,2.364992380142212,2.499908208847046,0.13491582870483398,5.704704583306997
8,0.02859157684219514,0.03878858463355297,0.010197007791357827,35.66437712630523,0.970864474773407,0.9185653328895568,-0.05229914188385021,-5.386863279352813,2.366085529327393,2.495660781860352,0.12957525253295898,5.476355394886901
9,0.0316276801307579,0.0336823554293971,0.0020546752986391956,6.496446435984487,0.977889895439148,0.850246012210846,-0.127643883228302,-13.052991325877242,2.360929012298584,2.498543739318848,0.13761472702026412,5.8288379829888814
10,0.02860974692156261,0.03396068632103405,0.005350939399471441,18.703204240644794,0.9532501697540284,0.8645296096801758,-0.08872056007385265,-9.30716436134972,2.377285957336426,2.495619297027588,0.11833333969116211,4.977665363562149
11,0.02860281073928923,0.03636595897867174,0.007763148239382508,27.141207590199993,0.9675545692443848,0.8847085237503052,-0.08284604549407959,-8.562415818962904,2.366546392440796,2.506635904312134,0.1400895118713379,5.9195759829095564
12,0.0307258868146981,0.02999401187895911,-0.0007318749357389902,-2.381948941466806,0.9530924558639526,0.8796141743659973,-0.07347828149795532,-7.709459984272904,2.360933542251587,2.507025241851806,0.14609169960021928,6.187878522869975
13,0.02426015926602661,0.03241374351497057,0.008153584248943958,33.608947738286524,0.969123601913452,0.9111055135726928,-0.05801808834075928,-5.986655182703992,2.371713638305664,2.498462438583374,0.12674880027770996,5.344186508463071
14,0.0248252465024609,0.03647873254437123,0.011653486041910327,46.94207584506816,0.9940956830978394,0.8621466159820557,-0.1319490671157837,-13.273276341428112,2.390391826629639,2.501896858215332,0.11150503158569292,4.66471773972348
15,0.02831313741227708,0.03462705981156355,0.006313922399286468,22.30032760886697,0.9422021508216858,0.858153760433197,-0.08404839038848877,-8.920420136505838,2.368482351303101,2.503962755203247,0.13548040390014604,5.720135673614241
16,0.02696150663899673,0.04080540886220103,0.013843902223204297,51.34691621120564,0.9657517075538636,0.9312267899513244,-0.034524917602539285,-3.57492690227666,2.369502782821656,2.499988317489624,0.13048553466796786,5.5068740840465615
17,0.03094274199778582,0.03314467203504684,0.002201930037261022,7.116143867982308,0.9897717237472534,0.8433583974838257,-0.14641332626342773,-14.792635791726822,2.372079849243164,2.498995065689087,0.12691521644592285,5.350377074634163
18,0.02727592777343637,0.03185948304135483,0.004583555267918461,16.80439729123465,0.9829716682434082,0.863475501537323,-0.1194961667060852,-12.156623691873792,2.372879266738892,2.499453783035278,0.12657451629638583,5.334216454693053
19,0.02576308889599412,0.0323311472340194,0.0065680583380252795,25.494063869983158,0.9615150690078736,0.9301643371582032,-0.03135073184967041,-3.2605554359142017,2.360798358917236,2.500589370727539,0.13979101181030318,5.921344840074244
20,0.03439694630676466,0.03504212161159139,0.0006451753048267311,1.8756761111082936,0.9727095365524292,0.8743727207183838,-0.09833681583404541,-10.10957661447221,2.376613140106201,2.497322559356689,0.12070941925048784,5.079052085233099
21,0.02932267109854039,0.03451751094150265,0.005194839842962259,17.716120831914406,0.9896421432495116,0.871096670627594,-0.11854547262191761,-11.9786200931855,2.377686023712158,2.503265619277954,0.1255795955657959,5.2815886670240415
22,0.03020258461406377,0.04169107894649582,0.011488494332432049,38.038116536167095,0.974275767803192,0.8376126289367676,-0.13666313886642445,-14.027151591235205,2.375604867935181,2.497685670852661,0.12208080291748002,5.138935542912477
23,0.02572575544135963,0.03380265284442343,0.0080768974030638,31.396152472469158,0.962067186832428,0.8825065493583679,-0.07956063747406006,-8.269758969330471,2.376397609710693,2.501224756240845,0.12482714653015226,5.252788759762679
24,0.02836685182642445,0.03516333369009372,0.006796481863669272,23.959239133255437,0.9666080474853516,0.8446415066719055,-0.12196654081344604,-12.61799352185658,2.371388435363769,2.498849868774414,0.12746143341064498,5.374970692690103
25,0.0303327677691296,0.03765254544558536,0.0073197776764557625,24.13158512987819,0.9453571438789368,0.8531454205513,-0.09221172332763672,-9.754167927401355,2.373998641967773,2.494233131408691,0.12023448944091797,5.064640194623589
26,0.02654701926773309,0.0346760583159712,0.008129039048238113,30.621287332693715,0.9472641944885254,0.8988433480262756,-0.048420846462249756,-5.111651717015922,2.365802764892578,2.509592294692993,0.14378952980041504,6.077832519861137
27,0.03112709405503701,0.03666682095275546,0.00553972689771845,17.797121979724306,0.95617413520813,0.886281430721283,-0.06989270448684703,-7.309620906199635,2.372105598449707,2.50122332572937,0.12911772727966309,5.443169450974196
28,0.02819808393024358,0.03618471990785053,0.007986635977606949,28.323328625321807,0.988422393798828,0.9110100269317628,-0.07741236686706521,-7.83191147354972,2.378443717956543,2.506042003631592,0.12759828567504883,5.364780537446386
29,0.02912491875062017,0.03751161506794189,0.008386696317321723,28.795604166769195,0.9581629037857056,0.9099324345588684,-0.04823046922683716,-5.033639795099391,2.366365909576416,2.498378992080688,0.13201308250427202,5.578726517738866
30,0.02819488016331181,0.03077636548881027,0.0025814853254984595,9.155865570436369,0.96732360124588,0.8760402202606201,-0.0912833809852599,-9.436695317646546,2.371604442596436,2.498112916946411,0.12650847434997514,5.33429909633132
31,0.03555683455352681,0.03742354824090471,0.0018667136873778967,5.249943395742299,0.9818392395973206,0.8618088364601135,-0.12003040313720703,-12.22505663823691,2.376107692718506,2.496825218200684,0.12071752548217818,5.080473660857736
32,0.0299595083257862,0.03458514906607697,0.0046256407402907734,15.439641699024401,0.9817772507667542,0.9064068794250488,-0.07537037134170532,-7.6769319397900215,2.376813650131226,2.499285936355591,0.12247228622436479,5.152792951084027
33,0.0268268672131323,0.03556153575600199,0.008734668542869688,32.55940573856454,0.9565770030021667,0.8859293460845947,-0.07064765691757202,-7.385464703400569,2.375063896179199,2.506100654602051,0.13103675842285156,5.517188764211874
34,0.03246763473630956,0.0338400255934598,0.0013723908571502408,4.22695052564286,0.9985492825508118,0.8384581208229065,-0.16009116172790527,-16.032374618401366,2.372096061706543,2.503083229064941,0.130987167358398,5.5220009624805275
35,0.02633746905008693,0.03997714618937598,0.013639677139289048,51.78810884732309,0.9875604510307312,0.9035410284996032,-0.08401942253112804,-8.507775138568554,2.371186971664429,2.49921989440918,0.12803292274475098,5.399528770811339
36,0.03062659078501426,0.02885879260672244,-0.0017677981782918198,-5.7721023887412635,0.9809744358062744,0.92368483543396,-0.05728960037231445,-5.840070676788581,2.370989322662353,2.498660802841187,0.1276714801788339,5.384734505487914
37,0.02412098962836067,0.03919795095891852,0.015076961330557852,62.505566988971516,0.9795715808868408,0.9168121218681335,-0.06275945901870728,-6.4068272542052425,2.374243259429932,2.497013092041016,0.12276983261108398,5.1709037026206675
38,0.02601544185330471,0.03296297863639343,0.0069475367830887196,26.70543449642076,0.9770814180374146,0.8529419302940369,-0.12413948774337769,-12.705132392418921,2.374703407287598,2.502640962600708,0.1279375553131099,5.38751723354122
39,0.03059058370760737,0.03958695540378789,0.008996371696180522,29.40895728623601,0.9738954901695251,0.8833158612251282,-0.09057962894439697,-9.300754532565897,2.375869274139404,2.493178844451904,0.1173095703125,4.937543137973881
40,0.03221539973998623,0.03866364788976041,0.006448248149774176,20.01604264363827,0.9780392050743104,0.8773937225341797,-0.10064548254013073,-10.29053661836427,2.372809648513794,2.499463796615601,0.12665414810180708,5.337728973798498
41,0.03051410484356991,0.0380449655503481,0.007530860706778192,24.67993324852567,0.968208074569702,0.8340672850608826,-0.13414078950881947,-13.85454150115772,2.361137866973877,2.502714157104492,0.14157629013061523,5.996104340661171
42,0.02965305515283528,0.03748438994704911,0.007831334794213832,26.409874982022007,0.97508704662323,0.898201584815979,-0.07688546180725098,-7.884984430211514,2.36720085144043,2.499271154403687,0.13207030296325684,5.579176050181492
43,0.02909668891323213,0.04179887812463058,0.01270218921139845,43.655101957741834,0.9643263816833496,0.8794661164283752,-0.08486026525497437,-8.79995267855686,2.369768619537353,2.507241010665894,0.13747239112854093,5.801089186309652
44,0.02556443402889771,0.03321513298959972,0.007650698960702012,29.927120436359978,0.9607375860214232,0.8848684430122375,-0.07586914300918568,-7.896968341102655,2.372926712036133,2.497826814651489,0.124900102615356,5.263546572333168
45,0.02784046737481587,0.03325619138741476,0.0054157240125988874,19.452705084606023,0.9813716411590576,0.9048908948898317,-0.07648074626922596,-7.793250086062983,2.369394063949585,2.495974540710449,0.12658047676086426,5.342314251849902
46,0.02861808368712064,0.0330323175614484,0.0044142338743277595,15.424631231735313,0.9514191746711732,0.8868489265441895,-0.06457024812698375,-6.786729744993876,2.370696544647217,2.496396780014038,0.1257002353668213,5.302249064758591
47,0.03317136667865675,0.03777544656007063,0.004604079881413883,13.879681009273154,0.9683291912078856,0.8674997687339783,-0.10082942247390736,-10.412721560953212,2.379803657531738,2.498255014419556,0.11845135688781827,4.977358384711137
48,0.03103085486870538,0.03110251596724744,7.166109854206057e-05,0.23093498018429004,0.9967098236083984,0.9135864973068236,-0.08312332630157482,-8.339771950941811,2.371729135513306,2.507792949676514,0.136063814163208,5.736903600240174
49,0.02471087953391179,0.03803350060163229,0.013322621067720499,53.91398978509567,0.935669720172882,0.8963326215744019,-0.039337098598480114,-4.20416496872549,2.369050741195679,2.5027916431427,0.13374090194702104,5.645337164856204
50,0.03097225190818438,0.03413467945169998,0.003162427543515596,10.210518605138711,0.9927520155906676,0.9197120666503906,-0.07303994894027699,-7.35732063931592,2.371279001235962,2.500971555709839,0.12969255447387695,5.4693080993960805
51,0.02884475315875105,0.03179686080393408,0.002952107645183031,10.234470126805045,0.971523642539978,0.8969711065292358,-0.07455253601074219,-7.673774754037894,2.374159812927246,2.496566772460937,0.12240695953369096,5.1558011751015185
52,0.02796923399908212,0.03176719730733091,0.003797963308248789,13.579075166568483,0.9416106343269348,0.8483801484107971,-0.0932304859161377,-9.901171728246148,2.363864421844482,2.501178979873657,0.1373145580291748,5.8089015918277855
53,0.0318350288665226,0.03260967871094177,0.0007746498444191688,2.4333254028671005,1.000853538513184,0.8845444321632385,-0.11630910634994551,-11.620991671041926,2.366019487380981,2.497970104217529,0.13195061683654785,5.576903214039374
54,0.03309299856748785,0.03054187225441884,-0.0025511263130690055,-7.708960878435944,0.9590164422988892,0.9101853966712952,-0.048831045627593994,-5.091783985532044,2.374078035354614,2.507235527038574,0.1331574916839604,5.608808543821551
55,0.03279384035734859,0.03654238629702068,0.003748545939672089,11.430640323990287,0.9760842323303224,0.8939237594604492,-0.08216047286987316,-8.417354788502388,2.36335825920105,2.504837274551392,0.14147901535034224,5.986355001385623
56,0.02748234743033208,0.03755537259332922,0.010073025162997143,36.652710211645214,0.9954394102096558,0.9091488122940063,-0.08629059791564941,-8.668593691450814,2.375511169433594,2.499676942825317,0.12416577339172274,5.226907580541003
57,0.02907236287244636,0.0378760203118203,0.008803657439373943,30.281877940226533,0.9689996242523192,0.9708120226860046,0.0018123984336854138,0.1870380945796405,2.366080522537231,2.500889301300049,0.13480877876281783,5.697556675639156
58,0.03099379029421069,0.03312054785261905,0.002126757558408361,6.8618827778724985,0.9500079154968262,0.9416413903236388,-0.008366525173187367,-0.8806795224239706,2.368478536605835,2.500962257385254,0.13248372077941895,5.593621336728502
59,0.03292663538136708,0.03592379303862661,0.002997157657259532,9.102532410449687,0.9860702753067015,0.8954977989196777,-0.09057247638702381,-9.185194874559288,2.379502058029175,2.49476432800293,0.11526226997375533,4.843965971150343
60,0.02856247728646413,0.03501561705480667,0.0064531397683425425,22.593067483683253,0.9290696382522584,0.8892753720283508,-0.03979426622390758,-4.283238261748335,2.370641946792603,2.5068039894104,0.13616204261779696,5.743678112252233
61,0.02944302307000855,0.03707459572292757,0.007631572652919017,25.919799861491605,0.9758870601654052,0.8668842911720276,-0.10900276899337757,-11.169609009356314,2.369341373443604,2.493653774261475,0.1243124008178711,5.246707047418637
62,0.02668099507798192,0.03633458647723194,0.009653591399250018,36.181526854733,0.949047327041626,0.913447082042694,-0.035600244998931996,-3.7511559207384546,2.379122734069824,2.499575138092041,0.1204524040222168,5.0628915565094035
63,0.02641138012775799,0.03527083859747314,0.00885945846971515,33.544095109229005,0.9871463179588318,0.8567875623703003,-0.1303587555885315,-13.205616352607214,2.377211570739746,2.493788480758667,0.1165769100189209,4.903934990634604
64,0.03243757746718259,0.02942497130197967,-0.003012606165202922,-9.287395670193941,0.9574896693229676,0.8559451103210449,-0.10154455900192272,-10.60529029767224,2.370756864547729,2.497515916824341,0.12675905227661177,5.346775714210309
65,0.03406872008571247,0.03450025986824351,0.0004315397825310416,1.2666744786576767,0.957230508327484,0.9016819596290588,-0.05554854869842518,-5.803048295596229,2.362629413604736,2.505582094192505,0.142952680587769,6.050575674907125
66,0.029783969635259,0.03533262944041237,0.005548659805153372,18.629685274003005,0.9439880847930908,0.8814351558685303,-0.06255292892456055,-6.626453228831938,2.370980978012085,2.503547430038452,0.1325664520263672,5.591206899412395
67,0.03301059869367607,0.03291568206796702,-9.491662570904752e-05,-0.2875337905556707,0.9644390344619752,0.8436534404754639,-0.12078559398651134,-12.523922163093818,2.378071069717407,2.497764587402344,0.11969351768493741,5.0332186959896426
68,0.0310849080751429,0.03419247330218306,0.003107565227040157,9.997022412059591,0.9456501007080078,0.8890396356582642,-0.05661046504974365,-5.986407129588357,2.372111320495605,2.497790813446045,0.1256794929504399,5.298212266200967
69,0.02806464073618463,0.03110232454996766,0.00303768381378303,10.823882772411364,0.942810595035553,0.926518976688385,-0.01629161834716797,-1.7279842242920083,2.37711238861084,2.496469259262085,0.11935687065124512,5.0210865596050365
70,0.03108418681652524,0.03403668365869224,0.0029524968421669982,9.498388552334163,0.9715320467948914,0.8795994520187378,-0.09193259477615356,-9.462641513416003,2.372465848922729,2.501683950424194,0.12921810150146484,5.446573722447436
71,0.0346141096993979,0.0365176062264814,0.0019034965270834994,5.49919250737398,0.967901051044464,0.9242966771125792,-0.043604373931884766,-4.505044589509557,2.371409893035889,2.504261255264282,0.13285136222839267,5.602210002519462
72,0.02989252188267014,0.04126717871361189,0.011374656830941753,38.05184746736302,0.9503600001335144,0.8384290337562561,-0.1119309663772583,-11.777743840390306,2.358445882797241,2.495888948440552,0.137443065643311,5.827696393028797
73,0.03469393096744202,0.03196187223559917,-0.0027320587318428527,-7.874745396843934,0.959571361541748,0.8928465247154236,-0.06672483682632446,-6.953608611152935,2.363788604736328,2.497561693191528,0.13377308845519975,5.659266153798962
74,0.02214076468773076,0.03492807778919105,0.012787313101460286,57.75461363602468,0.9852533340454102,0.8829699158668518,-0.10228341817855835,-10.381433347562172,2.378982067108154,2.501384258270264,0.12240219116211026,5.145149803962166
75,0.03246570751312567,0.03211559284988438,-0.00035011466324128687,-1.0784137789072912,0.9821321964263916,0.9131255149841307,-0.06900668144226085,-7.026211104100866,2.371977806091309,2.499055147171021,0.12707734107971191,5.357442247282987
76,0.03026114120471451,0.03472230143310023,0.004461160228385722,14.742207500392283,0.9936760067939758,0.8829339742660522,-0.11074203252792358,-11.144682146973116,2.370727300643921,2.502097129821777,0.131369829177856,5.541330255157319
77,0.0291029779486024,0.03432880375660042,0.005225825807998019,17.9563267278941,0.9743856191635132,0.86064213514328,-0.11374348402023315,-11.673354140620345,2.387502193450928,2.501229524612427,0.11372733116149902,4.763444049327385
78,0.03027528232960651,0.037498676486298,0.007223394156691487,23.859048044706938,0.9507036805152892,0.8725572228431702,-0.07814645767211903,-8.219854332504847,2.375316381454468,2.499785661697388,0.12446928024291992,5.240113747150774
79,0.02403729325619732,0.03792235873517123,0.013885065478973911,57.76467978728864,0.971436321735382,0.8561778664588928,-0.11525845527648915,-11.864746324348927,2.374072551727295,2.503189563751221,0.12911701202392623,5.438629578948
80,0.02934098433648746,0.0354884544730943,0.0061474701366068425,20.951819700752356,0.9811406135559082,0.8495491147041321,-0.13159149885177612,-13.412093744122403,2.378102540969849,2.501246929168701,0.1231443881988521,5.17826233635118
81,0.03107133771453524,0.034656523939687,0.0035851862251517624,11.538564120059124,0.9628615379333496,0.892227828502655,-0.07063370943069458,-7.335811707911831,2.370872735977173,2.501934766769409,0.13106203079223633,5.528007842994497
82,0.03443368213422455,0.03855940529784994,0.004125723163625389,11.981649675289079,0.9489262104034424,0.8731839656829834,-0.07574224472045898,-7.981889834011083,2.371337890625,2.497147560119629,0.1258096694946289,5.305429900648615
83,0.02844518934517906,0.03553937495258954,0.007094185607410479,24.93984315352365,0.949221968650818,0.8763658404350281,-0.0728561282157899,-7.675352090654242,2.367228507995605,2.500110626220703,0.1328821182250981,5.613404780158419
84,0.02757451919132044,0.03954932485290046,0.011974805661580021,43.42706967434376,0.9828646183013916,0.8557436466217041,-0.1271209716796875,-12.933721421306302,2.357508182525635,2.500012159347534,0.14250397682189897,6.044686414162611
85,0.02849472886924639,0.03009790394111565,0.001603175071869259,5.626216270474934,0.9473430514335632,0.8378031253814697,-0.1095399260520935,-11.562857392190995,2.362446784973145,2.501835823059082,0.13938903808593706,5.900198005413339
86,0.03274620635310622,0.0403459127029873,0.00759970634988108,23.20789855146134,0.9642136693000792,0.849532425403595,-0.11468124389648426,-11.893758359568906,2.363512516021729,2.500394344329834,0.13688182830810502,5.7914577299766075
87,0.03098625332897905,0.03314681689733844,0.0021605635683593916,6.972651857650641,0.9820927381515504,0.8774968981742859,-0.10459583997726452,-10.650301739745064,2.368258476257324,2.496389865875244,0.12813138961791992,5.410363391601253
88,0.02841071938869888,0.03174080212142373,0.003330082732724851,11.721219329805074,0.9829294085502625,0.8986247181892395,-0.08430469036102295,-8.576881475686562,2.365275144577026,2.5034499168396,0.13817477226257413,5.841805448274115
89,0.03153980229934007,0.03486574001598587,0.0033259377166457993,10.545207877588345,0.967906653881073,0.8887010812759399,-0.07920557260513306,-8.183182984385711,2.373108863830566,2.499124526977539,0.1260156631469731,5.310150961366529
90,0.03029123264804412,0.03150889274075523,0.001217660092711112,4.019843321858793,0.9524304270744324,0.9072202444076538,-0.045210182666778564,-4.7468225900394705,2.373537540435791,2.495966196060181,0.12242865562439009,5.158066958650744
91,0.03290593497159867,0.03670681848501266,0.00380088351341399,11.550753736961305,0.9413430094718932,0.9040200114250184,-0.03732299804687478,-3.9648669689291585,2.365941762924194,2.496220588684082,0.13027882575988814,5.506425720253976
92,0.02789384071836794,0.03361206843337872,0.005718227715010776,20.499965468166433,0.9554389119148254,0.9159623980522156,-0.03947651386260986,-4.131767439060414,2.372811555862427,2.496386289596558,0.12357473373413086,5.207945545815421
93,0.02901701356020669,0.03586206531449759,0.006845051754290902,23.589787212554704,0.9799659848213196,0.8458337187767029,-0.1341322660446167,-13.687441005319535,2.37170958518982,2.492993354797364,0.12128376960754439,5.113769846228346
94,0.02882367554060353,0.03206798386748514,0.00324430832688161,11.255706519147413,0.97575181722641,0.8738937973976135,-0.1018580198287965,-10.438926992555292,2.357131481170654,2.498053312301636,0.14092183113098233,5.978530780174996
95,0.02560945515560364,0.0343326912246922,0.00872323606908856,34.06256016024541,0.978737771511078,0.921611785888672,-0.057125985622406006,-5.83669980716172,2.373205900192261,2.501212358474731,0.12800645828246981,5.39382015998273
96,0.03088836083119373,0.03529079530364059,0.004402434472446863,14.25272935817593,0.9675573706626892,0.8703649640083313,-0.09719240665435791,-10.045131131375694,2.374734878540039,2.497580528259277,0.12284564971923784,5.173025874566764
97,0.03078316581653967,0.03443484695335856,0.0036516811368188865,11.86259125712422,0.9474247694015504,0.8674647808074951,-0.07995998859405529,-8.439719033793338,2.360848426818848,2.500065803527832,0.13921737670898393,5.896921425683137
98,0.03001534036992738,0.03977480647511884,0.009759466105191465,32.5149273168648,0.9990985989570618,0.8614914417266846,-0.1376071572303772,-13.773130837539203,2.371553897857666,2.497298955917358,0.12574505805969194,5.302222233839308
99,0.02929623859987456,0.03675743248182435,0.007461193881949792,25.468095013336423,0.9536107182502748,0.8510648012161255,-0.10254591703414928,-10.753435869754574,2.3697829246521,2.505230188369751,0.13544726371765092,5.7155979270774555
